Propeller,RPM@32N,Thrust@32N (N),Power@32N (W),Torque@32N (Nm),Cp@32N,Ct@32N,FOM@32N,Eff@32N (N/W),RPM@12N,Thrust@12N (N),Power@12N (W),Torque@12N (Nm),Cp@12N,Ct@12N,FOM@12N,Eff@12N (N/W)
27x13E,2245,32,275.755,1.0898,0.02548,0.08115,0.72489,0.127955,1351,12.5,76.747,0.4399,0.02657,0.08068,0.68849,0.219034
26x13E,2388,32,287.831,1.0643,0.02641,0.08303,0.72292,0.123908,1445,12.5,78.812,0.4298,0.02754,0.08258,0.68734,0.20983
26x15E,2291,32,292.802,1.1292,0.03053,0.09037,0.71112,0.121208,1381,12.5,81.019,0.455,0.03181,0.08995,0.67775,0.206553
25x125E,2577,32,296.1,1.0273,0.02675,0.08385,0.72384,0.118969,1569,12.5,79.897,0.4151,0.02788,0.08333,0.68886,0.198171
24x12E,2831,32,300.731,0.9852,0.02652,0.0834,0.72478,0.111595,1735,12.5,79.952,0.3984,0.02758,0.08279,0.69076,0.183265
22x12WE,3071,32,325.351,0.9956,0.03548,0.10145,0.72593,0.100335,1912,12.5,83.308,0.4015,0.0365,0.10076,0.69893,0.159958
22x10E,3473,32,328.973,0.8703,0.02396,0.07818,0.72751,0.102824,2170,12.5,85.617,0.353,0.02476,0.07757,0.69576,0.15763
22x8,3843,32,329.995,0.8069,0.01836,0.06461,0.71391,0.099248,2377,12.5,89.248,0.3328,0.01932,0.06385,0.66646,0.154893
22x10,3565,32,332.233,0.8588,0.02252,0.0743,0.718,0.101241,2222,12.5,88.06,0.353,0.02358,0.07359,0.67622,0.154682
215x10WPN,3461,32,333.014,0.8837,0.02737,0.08602,0.73468,0.101444,2164,12.5,86.847,0.3619,0.02852,0.0852,0.69574,0.1552
22x12E,3279,32,333.311,0.9354,0.02892,0.08787,0.71819,0.101039,2062,12.5,84.286,0.3787,0.02984,0.08732,0.69055,0.15399
215x105PN,3458,32,333.701,0.8866,0.02752,0.08612,0.73262,0.101272,2162,12.5,87.358,0.3628,0.02862,0.08538,0.69452,0.153888
22x13EPN,3247,32,334.748,0.9506,0.03003,0.08975,0.71395,0.100328,2044,12.5,84.504,0.385,0.03096,0.08912,0.68706,0.152068
21x10PN,3564,32,339.923,0.8791,0.02907,0.0895,0.73585,0.099108,2221,12.5,89.301,0.3592,0.03023,0.08871,0.69751,0.152836
21x105PN,3596,32,341.233,0.8761,0.0285,0.08802,0.73151,0.098532,2238,12.5,90.176,0.3581,0.02971,0.08722,0.6931,0.151489
21x10W,3519,32,342.91,0.8964,0.03039,0.09176,0.73038,0.098402,2196,12.5,90.082,0.3657,0.03157,0.091,0.69426,0.150565
205x10PN,3753,32,346.771,0.862,0.02915,0.08953,0.73282,0.095532,2325,12.5,92.681,0.3518,0.03041,0.08866,0.69404,0.148984
215x13EPN,3338,32,346.979,0.955,0.03196,0.0929,0.70673,0.097409,2094,12.5,88.609,0.3861,0.03292,0.09225,0.68025,0.148547
205x105PN,3687,32,348.044,0.8766,0.03066,0.09248,0.73244,0.09587,2288,12.5,92.258,0.3576,0.03193,0.09164,0.69451,0.149467
21x12WE,3426,32,348.657,0.9343,0.03333,0.09676,0.7204,0.097158,2143,12.5,89.817,0.3772,0.03427,0.09607,0.69343,0.149222
205x105WPN,3574,32,348.771,0.8989,0.03331,0.0981,0.73491,0.096524,2226,12.5,91.367,0.3662,0.03461,0.09724,0.69922,0.149847
20x10PN,3923,32,351.553,0.8492,0.02995,0.09125,0.73339,0.092163,2418,12.5,94.335,0.3462,0.03126,0.09041,0.69423,0.14713
21x13WE,3354,32,353.452,0.9669,0.03606,0.10101,0.71096,0.095714,2102,12.5,90.112,0.3901,0.03701,0.10044,0.68536,0.14669
20x105PN,3955,32,353.927,0.8504,0.02953,0.08988,0.72802,0.091091,2436,12.5,95.267,0.3468,0.03083,0.08912,0.68782,0.144882
20x10W,3818,32,355.357,0.8736,0.03241,0.09577,0.73035,0.092582,2360,12.5,94.635,0.3555,0.03367,0.09488,0.69289,0.146519
20x8W,4132,32,355.359,0.8093,0.02567,0.08201,0.73012,0.091716,2558,12.5,94.925,0.331,0.02683,0.08108,0.68764,0.144098
20x10E,4094,32,356.392,0.823,0.02668,0.08376,0.72522,0.091086,2527,12.5,94.368,0.3328,0.02753,0.08296,0.69324,0.145909
205x12WE,3445,32,356.418,0.9488,0.03782,0.10541,0.72223,0.095017,2153,12.5,91.582,0.3823,0.03876,0.10468,0.69736,0.147066
20x8E,4395,32,356.874,0.757,0.02112,0.07204,0.73093,0.092748,2746,12.5,92.121,0.3077,0.0218,0.0713,0.69611,0.144879
21x13E,3478,32,357.216,0.943,0.03271,0.09394,0.70318,0.094705,2171,12.5,92.252,0.3808,0.03365,0.09337,0.6761,0.146715
20x11E,3987,32,357.455,0.8557,0.02931,0.08869,0.71878,0.089726,2452,12.5,95.513,0.3455,0.03029,0.08798,0.68775,0.145593
21x135EPN,3432,32,360.187,0.9635,0.03433,0.09646,0.69704,0.093984,2145,12.5,92.396,0.3889,0.03527,0.09586,0.67134,0.145471
20x8,4492,32,363.077,0.7542,0.02015,0.06899,0.71734,0.091061,2818,12.5,94.55,0.3107,0.02102,0.06813,0.67354,0.138608
20x10,4212,32,363.511,0.808,0.02464,0.07873,0.71561,0.090283,2613,12.5,96.357,0.3311,0.02576,0.07795,0.67431,0.140909
20x12WE,3737,32,364.906,0.9102,0.03511,0.09957,0.71406,0.091103,2314,12.5,95.942,0.3669,0.03609,0.09886,0.68722,0.144548
20x12,4067,32,368.283,0.8575,0.02818,0.08493,0.70194,0.087787,2506,12.5,98.665,0.3504,0.02954,0.08435,0.6622,0.13985
205x135EPN,3589,32,369.922,0.9514,0.03501,0.09729,0.69224,0.091067,2231,12.5,96.519,0.3838,0.03607,0.09677,0.66632,0.141867
19x8E,4763,32,371.228,0.734,0.02265,0.07568,0.73445,0.088066,3006,12.5,93.949,0.2982,0.0232,0.0748,0.70312,0.133292
20x13E,3803,32,373.807,0.9212,0.0344,0.0965,0.69504,0.08821,2349,12.5,98.917,0.3714,0.03545,0.09584,0.66803,0.140368
205x14EPN,3616,32,374.22,0.9561,0.03469,0.09595,0.68363,0.089815,2246,12.5,97.711,0.3858,0.03575,0.0954,0.65766,0.1407
205x14E,3613,32,374.61,0.9582,0.03479,0.09611,0.68259,0.089727,2244,12.5,97.644,0.3865,0.03586,0.0955,0.65738,0.140941
19x8W,4497,32,375.38,0.7792,0.02685,0.08455,0.73044,0.088104,2819,12.5,97.197,0.3187,0.02785,0.08353,0.6913,0.134941
19x11,4182,32,378.664,0.8499,0.03395,0.09813,0.72254,0.0865,2590,12.5,99.97,0.3458,0.03532,0.09734,0.68646,0.136575
19x10E,4414,32,379.192,0.8005,0.02862,0.08775,0.72497,0.087332,2756,12.5,97.219,0.3235,0.02944,0.08693,0.69516,0.13712
20x14,3986,32,381.006,0.9119,0.03131,0.0887,0.67375,0.084186,2448,12.5,102.571,0.3717,0.03277,0.08823,0.63889,0.134639
19x12WE,4077,32,383.143,0.8894,0.03758,0.10375,0.70977,0.084542,2513,12.5,100.896,0.3579,0.03864,0.10301,0.6833,0.137639
18x55MR,5381,32,385.155,0.6729,0.02126,0.07363,0.74857,0.084991,3364,12.5,99.654,0.2724,0.02185,0.07271,0.71627,0.132484
20x15(WCAR-T6),3645,32,390.2,0.9909,0.04005,0.10436,0.67168,0.085866,2260,12.5,102.2,0.4016,0.04154,0.10388,0.64277,0.134918
19x12E,4217,32,390.422,0.867,0.03406,0.09643,0.70217,0.084175,2612,12.5,101.422,0.3496,0.03503,0.09574,0.6747,0.13476
18x8W,4942,32,390.643,0.7521,0.02842,0.08786,0.73201,0.082419,3097,12.5,101.629,0.3071,0.02933,0.08675,0.69432,0.125924
20x15C,3924,32,391.051,0.9443,0.03326,0.09118,0.65971,0.082849,2413,12.5,104.673,0.3843,0.03482,0.09078,0.62699,0.132286
18x8E,5205,32,392.065,0.7105,0.02408,0.07884,0.73425,0.083002,3253,12.5,101.562,0.2878,0.02475,0.0779,0.70207,0.129009
181x10,4499,32,392.702,0.8148,0.03575,0.10255,0.73298,0.084268,2817,12.5,100.957,0.3313,0.03697,0.10161,0.69977,0.129928
20x15E,3695,32,392.797,0.9869,0.03885,0.10168,0.66604,0.084997,2289,12.5,102.77,0.3974,0.03998,0.10119,0.64206,0.134784
18x10E,4857,32,399.036,0.7767,0.03024,0.09063,0.72013,0.081358,3050,12.5,101.034,0.3139,0.03098,0.08982,0.69285,0.125507
18x6W,5500,32,400.511,0.6844,0.0207,0.07045,0.71951,0.081645,3445,12.5,105.576,0.2819,0.02159,0.06928,0.67389,0.124485
18x8,5382,32,400.687,0.6994,0.02212,0.07357,0.71973,0.081624,3367,12.5,105.555,0.2871,0.02304,0.07255,0.67729,0.124475
18x10,5094,32,403.359,0.7505,0.02659,0.08256,0.71112,0.080045,3182,12.5,105.192,0.3073,0.02775,0.08177,0.67336,0.123392
181x12,4358,32,405.067,0.8666,0.04056,0.10932,0.71166,0.081641,2713,12.5,104.64,0.3517,0.04199,0.10849,0.68012,0.128204
20x18(F1-GT),3574,32,406.433,1.0482,0.04396,0.10833,0.64731,0.082977,2221,12.5,105.333,0.4214,0.04524,0.10787,0.62542,0.130007
17x7E,6021,32,412.935,0.6543,0.0225,0.07541,0.73421,0.07762,3767,12.5,106.718,0.2652,0.02304,0.07431,0.70088,0.121131
17x6,6017,32,413.485,0.656,0.0226,0.07551,0.73322,0.077491,3769,12.5,108.935,0.2696,0.02341,0.07421,0.68831,0.118433
18x12WE,4467,32,414.191,0.865,0.03956,0.10638,0.69967,0.079985,2790,12.5,105.751,0.3481,0.04057,0.10564,0.67516,0.125009
17x8,5404,32,414.831,0.7214,0.03056,0.09278,0.73825,0.078901,3379,12.5,108.242,0.2939,0.0316,0.09159,0.7011,0.121676
17x10WE,5010,32,416.931,0.7937,0.0394,0.10891,0.72708,0.076841,3128,12.5,107.247,0.3192,0.04031,0.10795,0.70204,0.120186
18x12,4948,32,417.376,0.8034,0.03023,0.08768,0.68427,0.077082,3093,12.5,108.605,0.3282,0.03143,0.08703,0.65104,0.117724
17x8E,5731,32,417.675,0.6877,0.02593,0.08274,0.73105,0.07789,3582,12.5,108.009,0.278,0.02661,0.08163,0.70064,0.12156
18x12E,4638,32,418.27,0.8439,0.03591,0.09886,0.69138,0.07881,2911,12.5,105.665,0.3403,0.03681,0.09817,0.66687,0.121467
17x6E,6362,32,418.502,0.6209,0.019,0.06712,0.72935,0.07768,4020,12.5,107.088,0.2529,0.01949,0.06601,0.69434,0.117101
17x10,5054,32,419.156,0.7883,0.03839,0.10684,0.72554,0.076777,3157,12.5,108.802,0.3201,0.03957,0.10578,0.69329,0.118938
17x8N,5705,32,419.24,0.694,0.02606,0.08249,0.72587,0.077645,3568,12.5,110.01,0.2837,0.02695,0.08128,0.68578,0.119126
16x55MR,6484,32,427.985,0.6232,0.0245,0.08139,0.75536,0.076025,4085,12.5,108.607,0.2512,0.02497,0.08023,0.72719,0.116557
17x10E,5364,32,430.251,0.7539,0.03243,0.09422,0.71227,0.076072,3348,12.5,110.857,0.3039,0.03319,0.09334,0.68492,0.118795
17x10N,5362,32,430.776,0.7551,0.03203,0.09322,0.70898,0.075916,3349,12.5,111.9,0.3075,0.03319,0.09224,0.67402,0.117638
17x4W,6497,32,434.508,0.6312,0.01855,0.06435,0.70195,0.074785,4104,12.5,114.159,0.2625,0.01935,0.06305,0.6526,0.110982
16x6E,6977,32,435.497,0.5955,0.0203,0.07069,0.73772,0.073574,4373,12.5,113.17,0.2419,0.02085,0.06945,0.70171,0.114019
17x12W,4700,32,435.538,0.8699,0.04865,0.12255,0.7034,0.075419,2955,12.5,109.839,0.3521,0.05009,0.12168,0.67675,0.115296
16x8,5954,32,436.726,0.6991,0.03281,0.09707,0.73545,0.073519,3721,12.5,113.57,0.2843,0.03375,0.09576,0.70031,0.114355
16x7,6255,32,437.731,0.6617,0.028,0.08758,0.73806,0.074086,3943,12.5,111.908,0.2702,0.02885,0.08618,0.70047,0.112646
16x7E(3D),6551,32,437.939,0.6316,0.02434,0.07973,0.73851,0.074255,4125,12.5,112.227,0.2557,0.02486,0.07855,0.706,0.113275
16x6,6593,32,439.454,0.6298,0.02394,0.07872,0.73512,0.073923,4154,12.5,113.974,0.2582,0.02472,0.07736,0.69324,0.111796
16x8E,6299,32,442.325,0.6634,0.0277,0.08631,0.73069,0.073418,3971,12.5,111.457,0.268,0.02822,0.08519,0.70241,0.112684
18x14,4876,32,446.604,0.8676,0.03356,0.09006,0.64251,0.07255,3053,12.5,114.018,0.3531,0.03485,0.08961,0.61495,0.111222
17x13,4780,32,448.697,0.8847,0.04793,0.11879,0.68058,0.072789,3007,12.5,112.879,0.3582,0.04939,0.1181,0.65512,0.110972
17x12E,5183,32,450.801,0.8215,0.03796,0.10119,0.67728,0.07212,3232,12.5,115.956,0.3307,0.03884,0.10047,0.65349,0.112756
16x10,5590,32,451.855,0.7605,0.04022,0.10935,0.71749,0.072334,3489,12.5,117.206,0.3083,0.04141,0.10824,0.68628,0.112278
15x55MR,7135,32,451.902,0.6017,0.0271,0.08738,0.76095,0.071282,4471,12.5,115.641,0.2414,0.02746,0.08604,0.73412,0.111732
205x205E(CD),3325,32,452.06,1.2479,0.05091,0.10906,0.5646,0.074777,2083,12.5,113.658,0.5003,0.05211,0.10872,0.54916,0.115489
16x4W,7150,32,453.991,0.6036,0.0196,0.06721,0.70896,0.070966,4496,12.5,120.483,0.2499,0.0204,0.0657,0.65939,0.106803
16x4E,8157,32,455.557,0.5313,0.0133,0.05168,0.70672,0.07062,5153,12.5,119.667,0.2193,0.01367,0.05045,0.65976,0.105742
16x10E,5945,32,456.084,0.7306,0.03431,0.09727,0.70545,0.070455,3708,12.5,117.454,0.2942,0.03513,0.09631,0.67875,0.110865
15x7,6898,32,464.294,0.6407,0.03091,0.09353,0.73887,0.06929,4325,12.5,120.802,0.2606,0.03171,0.09196,0.70217,0.106591
15x6E,7709,32,464.979,0.5723,0.02203,0.07473,0.73938,0.069499,4860,12.5,118.932,0.2318,0.02246,0.07336,0.70561,0.106536
15x6,7260,32,466.0,0.6086,0.0264,0.08428,0.73786,0.069373,4562,12.5,121.623,0.2484,0.02716,0.08268,0.69824,0.105839
155x12-4,4589,32,467.267,0.9521,0.08457,0.17894,0.71368,0.070528,2877,12.5,118.706,0.3869,0.08942,0.18091,0.68694,0.108949
15x7E,7307,32,467.835,0.6065,0.026,0.08312,0.73546,0.069169,4587,12.5,120.303,0.2449,0.02647,0.08183,0.7048,0.107011
15x8,6604,32,471.294,0.6744,0.03534,0.10162,0.73104,0.068947,4153,12.5,120.818,0.2737,0.03621,0.10018,0.6986,0.105546
15x8E,7029,32,472.052,0.6403,0.0298,0.09022,0.72621,0.067902,4397,12.5,121.601,0.2581,0.03034,0.08896,0.69756,0.106316
16x12,5396,32,474.677,0.8264,0.04688,0.1173,0.68356,0.068958,3364,12.5,122.376,0.3342,0.0483,0.11651,0.65655,0.107706
15x4E,9024,32,478.567,0.5063,0.0143,0.05471,0.71527,0.066921,5697,12.5,125.324,0.208,0.01466,0.05331,0.67055,0.101397
15x4W,8013,32,479.215,0.5708,0.0204,0.06941,0.71515,0.066814,5063,12.5,125.345,0.2359,0.02107,0.06783,0.66719,0.100318
14x55MR,8043,32,484.492,0.5745,0.0288,0.09073,0.7573,0.066171,5064,12.5,122.47,0.2305,0.02909,0.08933,0.7317,0.102746
14x47SF,7386,32,485.649,0.6224,0.03688,0.10721,0.76016,0.06675,4636,12.5,121.557,0.2451,0.03664,0.10565,0.74818,0.105991
15x10,6292,32,485.917,0.7298,0.04214,0.11198,0.70934,0.066819,3959,12.5,123.071,0.2957,0.04325,0.11088,0.68109,0.102259
16x12E,5748,32,487.089,0.801,0.04015,0.10362,0.66324,0.066753,3581,12.5,125.037,0.3219,0.04113,0.10287,0.64072,0.105031
16x13,5347,32,487.658,0.8572,0.0495,0.11944,0.66578,0.067064,3332,12.5,125.584,0.3462,0.05104,0.1188,0.64031,0.104947
14x6,8087,32,496.49,0.5848,0.029,0.08976,0.73978,0.064677,5099,12.5,128.387,0.2382,0.02966,0.08795,0.70258,0.098232
15x11,6194,32,497.96,0.7615,0.04546,0.1157,0.69136,0.065002,3882,12.5,126.691,0.3081,0.04665,0.11475,0.66465,0.100449
15x10E,6646,32,497.995,0.7084,0.03664,0.10042,0.69252,0.065203,4168,12.5,126.691,0.285,0.03742,0.09945,0.66802,0.100832
14x6E,8594,32,498.684,0.5506,0.0241,0.07926,0.73875,0.064763,5411,12.5,127.99,0.2223,0.02448,0.07772,0.70675,0.099813
14x7,7686,32,501.008,0.6182,0.03383,0.09908,0.73518,0.064515,4840,12.5,128.106,0.2509,0.03461,0.09742,0.70113,0.099048
16x14,5306,32,502.873,0.8919,0.05231,0.12139,0.64484,0.064988,3304,12.5,129.474,0.3597,0.05393,0.12086,0.62157,0.101544
14x7E,8181,32,502.881,0.5846,0.0283,0.08761,0.73126,0.064046,5150,12.5,128.603,0.2356,0.02867,0.08616,0.7028,0.098437
14x4W,8946,32,508.449,0.5426,0.022,0.07336,0.7214,0.063045,5645,12.5,133.827,0.2233,0.02258,0.07146,0.6749,0.095071
14x5N,9663,32,509.947,0.5016,0.0174,0.06276,0.72129,0.063165,6132,12.5,133.787,0.2067,0.01777,0.06085,0.67324,0.094139
20x225EP(CD),3396,32,510.544,1.3784,0.0639,0.11978,0.51738,0.066424,2122,12.5,128.908,0.5502,0.06524,0.11952,0.50534,0.103557
14x8,7368,32,510.907,0.6568,0.0391,0.10776,0.72194,0.063403,4623,12.5,131.367,0.2658,0.03996,0.10621,0.69059,0.097928
15x12,6123,32,512.211,0.7944,0.04858,0.11855,0.67086,0.062987,3827,12.5,131.096,0.321,0.04992,0.11775,0.64571,0.09789
15x135-3,5327,32,513.882,0.907,0.0729,0.1559,0.67362,0.063608,3317,12.5,132.739,0.3674,0.0755,0.1552,0.64603,0.098976
13x55MRF-RH,9037,32,520.918,0.5501,0.03161,0.09673,0.75822,0.061509,5682,12.5,132.693,0.2203,0.0319,0.09497,0.7325,0.095908
13x47SF,8341,32,522.197,0.594,0.04077,0.11497,0.76302,0.061892,5245,12.5,130.114,0.2334,0.0404,0.1132,0.75298,0.097988
14x85E,7839,32,522.433,0.6335,0.0334,0.09542,0.70403,0.061639,4930,12.5,131.882,0.2548,0.03393,0.09418,0.67909,0.095477
13x45MR,9831,32,524.923,0.5086,0.02518,0.0829,0.75698,0.061215,6203,12.5,133.972,0.2044,0.02536,0.08118,0.72803,0.094342
13x55MR,9119,32,525.841,0.5491,0.03161,0.09638,0.75559,0.06108,5737,12.5,133.42,0.2197,0.03178,0.09469,0.73111,0.095243
14x10,7087,32,532.559,0.7154,0.0461,0.11684,0.69052,0.060359,4427,12.5,137.268,0.2889,0.04736,0.11567,0.66298,0.094134
13x55E,9655,32,533.101,0.5249,0.0269,0.08589,0.74593,0.060443,6100,12.5,135.673,0.2115,0.02718,0.08404,0.716,0.092742
13x45EP(F2B),10593,32,536.229,0.4812,0.0205,0.07136,0.74215,0.060041,6703,12.5,137.746,0.1949,0.02069,0.06948,0.70514,0.091841
13x45EP,10593,32,536.229,0.4812,0.0205,0.07136,0.74215,0.060041,6703,12.5,137.746,0.1949,0.02069,0.06948,0.70514,0.091841
16x16,5284,32,540.045,0.9619,0.05699,0.12246,0.60042,0.060475,3288,12.5,138.195,0.3867,0.05855,0.12206,0.58104,0.095189
13x65E(F2B),9308,32,540.602,0.5517,0.03043,0.09239,0.73585,0.059611,5870,12.5,136.935,0.2218,0.03075,0.09066,0.70844,0.092068
14x10F,7164,32,540.615,0.7169,0.0477,0.11918,0.68865,0.05965,4476,12.5,137.67,0.2872,0.04851,0.11814,0.66723,0.093912
13x4E,11114,32,540.903,0.4642,0.01801,0.06488,0.7338,0.059301,7052,12.5,139.874,0.1889,0.01819,0.06302,0.69362,0.089601
13x65E,9324,32,541.107,0.5515,0.03033,0.09209,0.73562,0.059572,5881,12.5,137.484,0.2217,0.03064,0.09036,0.70757,0.091694
13x6,9549,32,541.416,0.5386,0.0281,0.08748,0.73439,0.059565,6044,12.5,139.147,0.2191,0.02859,0.08542,0.69662,0.090108
13x7F,8820,32,542.702,0.5856,0.0353,0.10139,0.72992,0.059284,5540,12.5,138.196,0.2349,0.03574,0.09972,0.70394,0.092431
13x4W,10065,32,543.353,0.5148,0.02391,0.07795,0.72759,0.058995,6364,12.5,141.982,0.2109,0.02435,0.07578,0.68346,0.089294
13x7,9137,32,544.155,0.5671,0.0319,0.0945,0.72696,0.059048,5753,12.5,140.014,0.2303,0.03252,0.0927,0.6923,0.090568
14x10E,7526,32,546.902,0.6878,0.03925,0.10326,0.67516,0.05925,4715,12.5,138.456,0.2761,0.03997,0.10231,0.65258,0.092489
14x11,6995,32,548.526,0.7485,0.0496,0.1201,0.66896,0.058356,4362,12.5,141.293,0.3019,0.05091,0.11911,0.64371,0.091361
13x4,10988,32,550.23,0.4783,0.0193,0.06749,0.72388,0.058172,6988,12.5,144.055,0.1965,0.0196,0.0652,0.6758,0.086824
135x9,8308,32,552.837,0.6315,0.0355,0.09815,0.69116,0.05839,5219,12.5,141.78,0.256,0.03639,0.09687,0.66084,0.089584
13x8,8893,32,555.945,0.596,0.0361,0.10135,0.71425,0.057754,5581,12.5,142.978,0.2415,0.03691,0.09983,0.68213,0.089251
125x6,9594,32,558.581,0.5531,0.03426,0.10018,0.73816,0.057713,6065,12.5,143.08,0.224,0.03478,0.09803,0.70379,0.087741
13x8E,8825,32,559.131,0.6032,0.03702,0.10289,0.71095,0.057534,5537,12.5,142.531,0.2421,0.03759,0.10146,0.68637,0.0897
135x10,7813,32,559.197,0.6802,0.04324,0.11103,0.68269,0.057627,4906,12.5,142.411,0.275,0.04438,0.10987,0.65559,0.08862
12x58SF,10029,32,559.652,0.533,0.03711,0.10822,0.76503,0.05723,6310,12.5,139.295,0.2082,0.0365,0.10622,0.75693,0.091158
12x47SF,9447,32,560.325,0.5633,0.04413,0.12161,0.76689,0.057599,5961,12.5,137.913,0.2208,0.0435,0.11948,0.75785,0.090914
12x45MR,10813,32,563.629,0.4967,0.02978,0.09297,0.76007,0.056989,6828,12.5,143.248,0.1988,0.02983,0.09093,0.73345,0.087995
12x45MRF-RH,10931,32,565.699,0.4938,0.02899,0.09106,0.75666,0.056656,6908,12.5,143.402,0.1978,0.02902,0.08896,0.72917,0.087592
12x7E-3,8640,32,566.673,0.6229,0.0583,0.14535,0.75784,0.056967,5423,12.5,144.554,0.2501,0.05915,0.14341,0.73165,0.088442
12x55MR,10047,32,567.325,0.5385,0.0374,0.10783,0.75519,0.056479,6319,12.5,143.934,0.2148,0.03754,0.10583,0.73255,0.088148
13x9,8138,32,567.38,0.6634,0.0479,0.12098,0.70083,0.056689,5112,12.5,144.065,0.2675,0.04884,0.11954,0.67423,0.087668
12x38SF,10241,32,567.429,0.5274,0.03517,0.10359,0.75572,0.056701,6454,12.5,141.664,0.2075,0.0347,0.10143,0.74282,0.089763
12x6SF,8654,32,567.529,0.6225,0.0581,0.14486,0.75765,0.056913,5431,12.5,140.806,0.2435,0.0574,0.14297,0.75129,0.0909
14x12,6936,32,568.005,0.7805,0.05253,0.12198,0.64662,0.056535,4326,12.5,145.616,0.3143,0.05394,0.1212,0.62391,0.088607
14x12N,7153,32,580.189,0.7711,0.04878,0.11455,0.63376,0.055555,4463,12.5,148.916,0.3108,0.05008,0.11379,0.61155,0.086761
12x6EP(F2B),10689,32,581.671,0.5176,0.03167,0.09511,0.73744,0.055313,6744,12.5,148.052,0.2077,0.03188,0.0931,0.71044,0.085394
12x6E,10695,32,581.934,0.5177,0.03167,0.09499,0.73748,0.055286,6749,12.5,147.77,0.2078,0.03188,0.093,0.70949,0.085504
13x10,8007,32,583.404,0.6959,0.052,0.1252,0.68003,0.054868,5027,12.5,148.173,0.2803,0.05308,0.12401,0.6553,0.084598
12x5,11502,32,584.536,0.4834,0.02555,0.0821,0.73451,0.055043,7294,12.5,151.358,0.1966,0.02584,0.07962,0.69382,0.083417
12x6,10256,32,584.644,0.5423,0.03605,0.10331,0.73354,0.055021,6469,12.5,150.036,0.2191,0.03651,0.10099,0.70063,0.084583
12x4,12389,32,589.637,0.4533,0.02064,0.07081,0.72711,0.054517,7894,12.5,153.47,0.1853,0.02083,0.06816,0.68141,0.081747
13x10F,8150,32,591.599,0.6907,0.0488,0.11876,0.6696,0.054393,5112,12.5,148.984,0.2764,0.04956,0.11773,0.6509,0.084795
12x7,9854,32,592.256,0.573,0.0413,0.112,0.72312,0.054227,6207,12.5,151.755,0.231,0.04192,0.1099,0.69327,0.083304
14x13,6841,32,592.579,0.8226,0.05685,0.12517,0.6212,0.054441,4270,12.5,150.987,0.3307,0.05828,0.12455,0.6017,0.08524
12x8SF,7986,32,593.763,0.7096,0.078,0.17069,0.72099,0.053929,5012,12.5,145.947,0.2779,0.0775,0.1692,0.71604,0.08577
14x12E,7368,32,598.489,0.7693,0.04576,0.10777,0.61647,0.054129,4603,12.5,151.392,0.3078,0.04664,0.10712,0.59903,0.08516
13x10E,8479,32,604.402,0.6761,0.0449,0.11124,0.65944,0.053476,5313,12.5,153.028,0.2706,0.04564,0.11026,0.63981,0.083379
115x4,12350,32,605.508,0.4671,0.02653,0.08448,0.73845,0.053078,7846,12.5,156.669,0.19,0.02675,0.08172,0.697,0.080207
14x135,6825,32,605.54,0.8424,0.05847,0.12576,0.60812,0.053315,4259,12.5,154.308,0.3383,0.05997,0.12515,0.58959,0.083332
11x46SF,12269,32,605.978,0.4704,0.03378,0.10229,0.77227,0.053028,7761,12.5,149.755,0.1833,0.03288,0.09968,0.76352,0.084204
14x13N,7114,32,606.785,0.8112,0.05189,0.11592,0.60645,0.053038,4434,12.5,155.428,0.3262,0.05325,0.11529,0.58677,0.083118
13x11,7873,32,606.848,0.7333,0.05553,0.12726,0.65237,0.052998,4938,12.5,153.338,0.295,0.05676,0.12638,0.63119,0.082061
115x6,11024,32,606.995,0.5253,0.0375,0.10622,0.73612,0.052749,6969,12.5,154.818,0.2121,0.03782,0.10378,0.70459,0.080871
11x47SF,10923,32,609.061,0.5318,0.04828,0.12915,0.76692,0.052636,6888,12.5,150.83,0.208,0.04739,0.12666,0.75878,0.083382
12x8,9533,32,610.235,0.6078,0.0468,0.11942,0.7042,0.05285,6010,12.5,154.483,0.2448,0.0475,0.1177,0.6781,0.080974
12x8E,9945,32,612.678,0.5881,0.0417,0.10998,0.69878,0.052309,6245,12.5,155.673,0.2354,0.04213,0.10847,0.67696,0.081334
11x38SF,11756,32,613.721,0.4971,0.03893,0.1114,0.76251,0.052355,7422,12.5,152.88,0.1949,0.03814,0.10881,0.75027,0.082787
125x10,8567,32,615.031,0.6813,0.05294,0.12553,0.67084,0.052523,5367,12.5,156.526,0.2742,0.05404,0.12441,0.64767,0.081548
11x45MR,12397,32,615.779,0.4727,0.03328,0.10018,0.75959,0.052206,7841,12.5,155.54,0.1885,0.03313,0.09774,0.73573,0.080852
11x7E-3,10236,32,618.544,0.5752,0.05932,0.14689,0.75618,0.051993,6435,12.5,157.51,0.2306,0.06003,0.14452,0.73092,0.080637
14x14,6809,32,620.025,0.8642,0.06026,0.12626,0.59405,0.052099,4250,12.5,157.662,0.3467,0.0617,0.12575,0.5765,0.081488
12x9W,8785,32,620.038,0.6715,0.0609,0.14069,0.69193,0.051929,5506,12.5,157.795,0.2695,0.0619,0.1391,0.66906,0.080963
11x45EP,13314,32,624.501,0.4471,0.02726,0.08682,0.74857,0.051428,8439,12.5,159.5,0.1795,0.02721,0.08428,0.71751,0.079091
11x55MR,11578,32,624.815,0.5137,0.04142,0.11475,0.74873,0.051492,7299,12.5,157.293,0.2045,0.04144,0.11262,0.72709,0.080363
12x85F,9724,32,625.221,0.6117,0.04527,0.11486,0.6859,0.05149,6114,12.5,157.324,0.2446,0.04577,0.11343,0.66591,0.080046
11x6-4,9917,32,626.249,0.6025,0.06632,0.15663,0.74625,0.051206,6241,12.5,162.008,0.2457,0.06808,0.15387,0.70737,0.078117
12x9,9361,32,627.43,0.6365,0.0508,0.12388,0.68481,0.051386,5884,12.5,158.337,0.2561,0.05178,0.12247,0.66061,0.079565
11x55E,12431,32,631.926,0.4839,0.03389,0.0996,0.74072,0.050878,7864,12.5,160.263,0.1936,0.03383,0.09725,0.71391,0.078423
11x5,12495,32,632.997,0.4823,0.0334,0.0986,0.73947,0.050794,7928,12.5,161.685,0.1946,0.03352,0.09567,0.70421,0.077528
11x4,13298,32,633.681,0.454,0.02776,0.08707,0.73779,0.050679,8452,12.5,163.895,0.184,0.02781,0.08398,0.69797,0.076978
14x14N,7089,32,636.439,0.8542,0.05508,0.11672,0.57827,0.050513,4416,12.5,162.328,0.3428,0.05643,0.11628,0.56074,0.079671
11x6,11855,32,639.206,0.514,0.03959,0.1096,0.73128,0.050191,7485,12.5,163.84,0.207,0.03985,0.10699,0.70085,0.077218
11x7SF,9585,32,642.187,0.6363,0.07483,0.16735,0.73,0.050236,6031,12.5,157.174,0.2487,0.074,0.16551,0.72506,0.07973
12x10W,8708,32,644.227,0.7029,0.06483,0.14315,0.66683,0.050063,5453,12.5,163.638,0.2818,0.06598,0.14184,0.64608,0.078138
11x3,14838,32,647.406,0.4162,0.02047,0.06997,0.72171,0.049515,9485,12.5,170.005,0.1704,0.02045,0.06674,0.67183,0.074042
135x135,7461,32,647.595,0.8218,0.05721,0.12154,0.59138,0.050047,4660,12.5,164.186,0.3295,0.05851,0.12103,0.5736,0.078249
12x10,9266,32,650.38,0.6674,0.05437,0.12651,0.66006,0.049524,5811,12.5,164.289,0.2682,0.05545,0.12534,0.63811,0.077023
11x7,11393,32,655.612,0.5479,0.04564,0.11854,0.71357,0.049072,7183,12.5,166.374,0.2203,0.04615,0.11637,0.68665,0.075728
11x7E,11640,32,656.749,0.537,0.04286,0.11358,0.71256,0.048971,7330,12.5,166.067,0.2145,0.0431,0.11163,0.69031,0.076128
105x45,15229,32,664.654,0.4164,0.02455,0.07998,0.73638,0.048256,9712,12.5,172.239,0.1688,0.02446,0.07676,0.69412,0.072967
11x9-4,8856,32,668.373,0.7187,0.09914,0.19628,0.69999,0.048086,5547,12.5,171.504,0.2909,0.10178,0.19417,0.67111,0.074451
135x14,7544,32,669.931,0.8409,0.05725,0.11891,0.57109,0.048363,4714,12.5,169.212,0.3367,0.05849,0.11837,0.55542,0.075702
14x14E,7312,32,671.459,0.8696,0.05257,0.10946,0.54962,0.048217,4561,12.5,169.268,0.3464,0.05346,0.10901,0.53749,0.076302
10x38SF,13672,32,671.933,0.4684,0.04367,0.12064,0.76534,0.047798,8649,12.5,166.782,0.183,0.04256,0.11752,0.75595,0.075639
12x10E,9614,32,672.418,0.6646,0.0503,0.11748,0.63884,0.047946,6040,12.5,167.849,0.2654,0.05098,0.11651,0.62224,0.074696
10x46SF,14379,32,672.975,0.4458,0.03755,0.10907,0.765,0.047724,9111,12.5,165.566,0.1732,0.03632,0.10606,0.75822,0.075781
105x6,12704,32,673.698,0.5053,0.04274,0.11489,0.72682,0.047676,8043,12.5,171.482,0.203,0.04289,0.11212,0.69834,0.073014
10x47SF,12730,32,674.141,0.5044,0.05419,0.13908,0.76373,0.047652,8044,12.5,165.653,0.1967,0.053,0.13622,0.75704,0.075611
10x38MRF-RH,13972,32,676.187,0.4621,0.04129,0.11558,0.75992,0.047344,8836,12.5,170.267,0.1831,0.04092,0.11273,0.73901,0.073778
10x45MRF-RH,14339,32,677.374,0.4501,0.03817,0.10964,0.75902,0.047397,9084,12.5,170.651,0.1789,0.03779,0.10674,0.7365,0.073441
11x8,11132,32,677.452,0.5801,0.0507,0.12427,0.69039,0.047363,7008,12.5,171.437,0.2331,0.0514,0.1226,0.66607,0.072946
10x45MR,14246,32,678.717,0.4542,0.03897,0.1111,0.75774,0.04728,9023,12.5,170.689,0.1804,0.0387,0.10831,0.73514,0.073289
12x11,9192,32,681.376,0.7052,0.0584,0.12856,0.62958,0.047215,5754,12.5,172.169,0.2828,0.0596,0.12775,0.61078,0.073684
11x8E,11361,32,681.961,0.5711,0.04784,0.11918,0.68608,0.047171,7148,12.5,171.801,0.228,0.04826,0.11756,0.66689,0.073256
13x13N,8627,32,689.335,0.7586,0.04774,0.10586,0.57525,0.046839,5389,12.5,174.188,0.3041,0.04887,0.10544,0.55911,0.073387
11x8F,11525,32,690.605,0.57,0.04635,0.11581,0.67805,0.046591,7249,12.5,173.852,0.2274,0.04673,0.11417,0.65874,0.072618
10x5E,14660,32,690.815,0.4491,0.03643,0.1049,0.74464,0.04647,9286,12.5,174.717,0.1791,0.03617,0.10201,0.71872,0.072016
10x55MR,13387,32,694.464,0.4941,0.04804,0.12577,0.74116,0.046261,8442,12.5,174.665,0.1962,0.04786,0.12328,0.72121,0.072233
10x4,15521,32,694.863,0.4268,0.0309,0.09357,0.74008,0.046197,9899,12.5,178.57,0.172,0.03062,0.08986,0.70299,0.070163
10x6-4,11733,32,695.108,0.5643,0.0714,0.16376,0.74013,0.046219,7396,12.5,178.982,0.2294,0.07288,0.16044,0.70375,0.070627
11x85E,11262,32,699.814,0.5915,0.05043,0.1214,0.66852,0.045932,7080,12.5,175.125,0.236,0.05088,0.11992,0.65048,0.071678
10x5,14459,32,700.343,0.4613,0.03844,0.10781,0.73483,0.045855,9179,12.5,178.756,0.1852,0.03826,0.10449,0.70344,0.070255
11x9,11000,32,702.413,0.6098,0.05433,0.12677,0.6641,0.045626,7000,12.5,172.205,0.235,0.04829,0.11406,0.65142,0.073618
10x58EP(F2B),13901,32,703.752,0.4832,0.04359,0.11674,0.7297,0.045532,8778,12.5,177.765,0.1926,0.04354,0.11413,0.70745,0.07075
13x14,7707,32,704.435,0.867,0.06966,0.13464,0.56612,0.045884,4819,12.5,176.442,0.3462,0.071,0.13416,0.55138,0.072058
10x3,17464,32,707.087,0.3861,0.02209,0.07392,0.72678,0.04537,11218,12.5,184.795,0.1569,0.0217,0.06999,0.67918,0.067877
10x6E,13952,32,708.981,0.4852,0.04349,0.11597,0.72386,0.045166,8810,12.5,178.808,0.1934,0.04342,0.11334,0.70186,0.070296
95x5MR,14873,32,711.58,0.4564,0.04647,0.12521,0.76062,0.04504,9395,12.5,178.53,0.1807,0.04606,0.12226,0.74097,0.07055
13x135N,8608,32,715.232,0.7886,0.04984,0.10632,0.55482,0.045156,5377,12.5,180.38,0.3155,0.05094,0.10594,0.54002,0.07083
10x6,13751,32,715.885,0.496,0.04575,0.11923,0.71901,0.044832,8695,12.5,181.909,0.1987,0.04576,0.11628,0.69156,0.069248
12x12,9159,32,719.403,0.7479,0.0624,0.12953,0.59632,0.04469,5726,12.5,181.229,0.2991,0.06362,0.12895,0.57981,0.070085
10x7SF,11342,32,722.156,0.6062,0.08204,0.17511,0.713,0.044553,7127,12.5,177.556,0.2367,0.08111,0.17315,0.70913,0.070865
10x6F,14587,32,729.437,0.4764,0.03902,0.10595,0.70476,0.044022,9228,12.5,184.289,0.1897,0.03878,0.10329,0.68314,0.068222
95x45,17895,32,733.564,0.3913,0.02758,0.08652,0.73747,0.043662,11436,12.5,189.259,0.1577,0.02716,0.08257,0.69749,0.066375
12x12N,9422,32,734.383,0.7401,0.0583,0.12228,0.58484,0.043922,5903,12.5,184.0,0.296,0.05947,0.12169,0.57013,0.068389
10x7E,13481,32,736.983,0.5207,0.04995,0.12404,0.69796,0.0436,8490,12.5,185.764,0.2074,0.05,0.12195,0.67894,0.067928
9x37SF,17831,32,739.938,0.3959,0.03675,0.10816,0.77183,0.043311,11350,12.5,182.568,0.1532,0.03507,0.10414,0.7647,0.068853
10x7,13335,32,740.82,0.5291,0.05183,0.1268,0.69501,0.043355,8407,12.5,187.653,0.2118,0.05218,0.12436,0.67085,0.067249
11x10,10914,32,741.466,0.6482,0.05891,0.12937,0.62983,0.04324,6839,12.5,186.727,0.2595,0.06,0.12837,0.61187,0.067473
9x38SF,16213,32,746.29,0.439,0.04929,0.13079,0.76521,0.042968,10276,12.5,184.177,0.1708,0.04766,0.12704,0.75755,0.068262
9x41SF,17309,32,746.962,0.4115,0.04052,0.11475,0.765,0.042941,11002,12.5,183.556,0.1593,0.0389,0.111,0.759,0.068103
95x6,15376,32,754.024,0.4673,0.04451,0.11706,0.71813,0.042566,9738,12.5,191.328,0.1871,0.04445,0.1139,0.6909,0.0657
9x46SF,16837,32,756.661,0.4288,0.04465,0.12129,0.75484,0.042356,10659,12.5,186.267,0.1662,0.04317,0.11806,0.75032,0.067496
9x47SF,15117,32,756.725,0.4777,0.06176,0.15049,0.75412,0.04235,9547,12.5,186.896,0.1857,0.06001,0.14707,0.74955,0.067428
11x55R-RH,15900,32,758.496,0.4553,0.01949,0.06096,0.6159,0.042236,10095,12.5,191.465,0.1808,0.0192,0.05903,0.59547,0.065441
9x45MRF-RH,16883,32,759.949,0.4294,0.04448,0.12063,0.75165,0.042156,10693,12.5,190.99,0.1699,0.04383,0.11728,0.73146,0.06578
93x3,19262,32,760.184,0.3766,0.0254,0.08126,0.72705,0.042169,12396,12.5,197.123,0.1516,0.0247,0.0766,0.68417,0.063671
9x45MR,16924,32,761.023,0.4293,0.04428,0.12005,0.74985,0.04208,10720,12.5,191.614,0.1699,0.04363,0.11672,0.7296,0.065552
12x12E,9510,32,761.829,0.7611,0.0589,0.12,0.56351,0.042346,5964,12.5,189.531,0.3024,0.05952,0.1194,0.55279,0.066137
11x10E,11081,32,762.322,0.6561,0.05781,0.12552,0.61308,0.042053,6951,12.5,190.439,0.2609,0.05842,0.12449,0.59971,0.065813
12x13,9145,32,763.131,0.7946,0.0665,0.12993,0.56215,0.042116,5714,12.5,191.948,0.3169,0.0677,0.12944,0.549,0.066234
9x45E,17290,32,764.234,0.4214,0.04159,0.115,0.74787,0.041962,10986,12.5,192.475,0.1674,0.041,0.11139,0.72392,0.064964
10x8,13095,32,768.777,0.56,0.05692,0.13155,0.66819,0.041686,8235,12.5,194.082,0.224,0.05751,0.12967,0.64765,0.064883
9x4,18614,32,771.261,0.3953,0.03368,0.09919,0.74046,0.04158,11908,12.5,197.839,0.1584,0.03301,0.09475,0.70527,0.063286
10x8E,13213,32,774.638,0.5587,0.05574,0.12919,0.66421,0.041428,8301,12.5,194.062,0.2221,0.05611,0.12756,0.64821,0.064976
12x13N,9412,32,775.466,0.7827,0.0618,0.12254,0.55382,0.0416,5894,12.5,193.931,0.3123,0.06287,0.12208,0.54126,0.064945
9x3,19915,32,785.397,0.3763,0.02807,0.08672,0.72666,0.040769,12812,12.5,202.783,0.151,0.02712,0.08181,0.68669,0.061784
9x5,17554,32,786.003,0.427,0.04091,0.11154,0.72666,0.040814,11172,12.5,199.878,0.1706,0.04038,0.10759,0.69803,0.062741
9x6-4,13883,32,786.581,0.5408,0.08289,0.1784,0.72542,0.040744,8763,12.5,201.426,0.2186,0.08397,0.17456,0.69363,0.062429
11x11,10865,32,787.066,0.6908,0.06331,0.13047,0.59373,0.040773,6800,12.5,197.771,0.2758,0.06442,0.12978,0.5796,0.063799
9x8E-3,12831,32,793.429,0.5897,0.10578,0.2088,0.71966,0.040432,8065,12.5,198.421,0.2348,0.10657,0.20643,0.70233,0.063168
9x6SF,14107,32,794.351,0.5372,0.07974,0.17277,0.719,0.040346,8881,12.5,194.867,0.2092,0.07829,0.17016,0.71588,0.064404
9x6E,15964,32,798.001,0.4775,0.05529,0.13498,0.71493,,10083,12.5,199.966,0.1894,0.05499,0.13212,0.69633,
95x7N,16617,32,798.185,0.4609,0.0387,0.10226,0.6765,0.040151,11533,12.5,200.852,0.1696,0.03167,0.08597,0.65347,0.062279
11x12W,10011,32,802.334,0.7652,0.0827,0.1538,0.58201,0.039897,6257,12.5,201.813,0.3047,0.08395,0.15305,0.56928,0.062763
875x50,17782,32,802.779,0.4306,0.04633,0.12173,0.73135,0.039927,11296,12.5,203.702,0.1718,0.04577,0.11772,0.70377,0.061653
9x6,16842,32,809.126,0.4582,0.04767,0.12121,0.70568,0.039606,10659,12.5,204.874,0.1831,0.04753,0.11806,0.68095,0.06135
95x75N,16025,32,809.471,0.4825,0.0424,0.10791,0.66803,0.039543,10089,12.5,204.795,0.1936,0.04287,0.10632,0.64544,0.061166
925x60,18336,32,810.407,0.4215,0.0323,0.09167,0.68599,0.039579,11616,12.5,205.742,0.1686,0.03218,0.08908,0.66031,0.061035
9x5F,18464,32,812.345,0.4195,0.03634,0.10083,0.70293,0.039484,11751,12.5,205.318,0.1663,0.03552,0.0972,0.67976,0.061115
12x14,9148,32,813.424,0.8468,0.0709,0.12991,0.52715,0.039517,5714,12.5,203.636,0.3368,0.07193,0.12947,0.51628,0.062461
9x65,16371,32,814.693,0.4745,0.05227,0.12822,0.70074,0.039381,10331,12.5,206.391,0.1898,0.05243,0.12563,0.67765,0.060904
10x9,12915,32,815.577,0.6027,0.063,0.13527,0.62983,0.03929,8105,12.5,204.682,0.2405,0.06377,0.13402,0.61353,0.061311
11x12,10888,32,832.321,0.7289,0.06651,0.12998,0.56178,0.038541,6812,12.5,208.296,0.2901,0.06751,0.12936,0.54987,0.060572
9x7,16547,32,842.476,0.4854,0.05231,0.12552,0.67809,0.038086,10439,12.5,212.939,0.1937,0.05241,0.12303,0.65719,0.059062
8x38SF,19588,32,847.834,0.4129,0.05729,0.14353,0.758,0.037823,12441,12.5,208.779,0.1598,0.05489,0.13882,0.75244,0.060148
9x75SF,13610,32,848.537,0.594,0.09458,0.18548,0.674,0.037861,8534,12.5,208.676,0.2318,0.0937,0.18386,0.67153,0.060518
8x41SF,20426,32,849.267,0.3967,0.05057,0.132,0.75657,0.037754,12979,12.5,207.86,0.1531,0.0484,0.12779,0.75298,0.060158
9x75,16114,32,856.708,0.5072,0.05771,0.13243,0.66623,0.037396,10133,12.5,215.482,0.2024,0.05817,0.13073,0.64766,0.058189
7x9E,23008,32,860.031,0.357,0.02519,0.07782,0.69432,0.037277,15000,12.5,236.534,0.1508,0.03519,0.08575,0.64774,0.05424
11x12E,10403,32,860.784,0.7865,0.07854,0.14214,0.5444,0.037423,6505,12.5,214.158,0.3111,0.0792,0.14145,0.53602,0.059358
9x75E,15337,32,860.987,0.535,0.06713,0.14613,0.66367,0.037273,9645,12.5,215.106,0.212,0.06717,0.14409,0.64958,0.058523
8x4E,21525,32,864.451,0.3831,0.04401,0.11882,0.74305,0.037082,13724,12.5,217.847,0.1513,0.0427,0.11419,0.72089,0.057546
8x47SF,18336,32,871.943,0.4534,0.07177,0.16377,0.737,0.036779,11596,12.5,214.078,0.1755,0.06942,0.1598,0.7346,0.058718
8x45MR,20640,32,872.732,0.4035,0.05039,0.12928,0.73628,0.036729,13098,12.5,218.449,0.1591,0.0494,0.12544,0.71829,0.057306
78x4,23842,32,873.989,0.35,0.03274,0.09694,0.73484,0.036645,15354,12.5,223.91,0.1391,0.0314,0.09118,0.70013,0.05598
10x10,12826,32,875.048,0.6504,0.0689,0.13708,0.58783,0.036665,8042,12.5,217.768,0.2586,0.06978,0.13621,0.57521,0.057502
8x4,22777,32,883.842,0.3704,0.03797,0.1062,0.72645,0.036252,14612,12.5,223.956,0.1461,0.0364,0.10071,0.70067,0.055994
10x10E,13001,32,885.316,0.6502,0.0671,0.1335,0.58,0.036146,8145,12.5,219.989,0.2572,0.06756,0.13263,0.57058,0.05713
9x3N,23488,32,885.944,0.3596,0.01923,0.06229,0.64643,0.036323,15400,12.5,213.581,0.132,0.0164,0.0566,0.6542,0.058677
9x6N,20262,32,887.784,0.4179,0.03004,0.08378,0.64382,0.036141,12839,12.5,219.128,0.1629,0.02922,0.08145,0.63503,0.057161
11x13,10886,32,889.758,0.7793,0.0712,0.12999,0.525,0.036056,6808,12.5,221.897,0.3092,0.07202,0.12948,0.51604,0.056862
9x8,16281,32,898.43,0.5263,0.05863,0.12968,0.636,0.035701,10232,12.5,225.297,0.2095,0.05903,0.12815,0.61993,0.055739
875x70N,18860,32,899.584,0.4553,0.04357,0.10826,0.653,0.035611,11873,12.5,225.274,0.1809,0.04363,0.10667,0.63636,0.055604
8x5,21665,32,901.591,0.3971,0.04503,0.11737,0.71233,0.035552,13787,12.5,227.128,0.1572,0.04402,0.11311,0.68994,0.05517
9x85,15996,32,914.402,0.5459,0.063,0.1345,0.624,0.034997,10038,12.5,227.973,0.2169,0.06359,0.13331,0.61015,0.054888
8x6SF,17426,32,926.31,0.507,0.08877,0.18131,0.69357,0.034634,10974,12.5,226.686,0.197,0.0871,0.17869,0.69197,0.055179
8x6E,19436,32,934.194,0.4585,0.06459,0.14582,0.68744,0.034323,12271,12.5,232.955,0.1811,0.06397,0.14278,0.67281,0.053864
875x75N,18793,32,936.348,0.4752,0.04576,0.10896,0.62741,0.034228,11812,12.5,233.459,0.1881,0.04584,0.10768,0.61525,0.053703
8x6,21183,32,941.829,0.4243,0.05029,0.12277,0.68245,0.034017,13389,12.5,236.083,0.1682,0.04986,0.11992,0.66394,0.053141
8x4F,24349,32,941.858,0.369,0.03311,0.09291,0.68221,0.034043,15682,12.5,235.051,0.143,0.0309,0.08747,0.66673,0.053312
875x75W,19622,32,949.169,0.4615,0.04071,0.09992,0.61927,0.033794,12342,12.5,234.409,0.181,0.04037,0.09863,0.61203,0.053545
9x9E,15151,32,958.003,0.6033,0.07763,0.14983,0.596,,9497,12.5,238.017,0.238,0.0778,0.1486,0.58749,
9x9,16184,32,963.006,0.5678,0.06402,0.13124,0.593,0.033288,10151,12.5,239.462,0.225,0.06445,0.13023,0.5816,0.052385
8x375,25838,32,977.662,0.3612,0.02883,0.08255,0.65753,0.032796,16754,12.5,231.137,0.1316,0.025,0.0766,0.67852,0.054172
7x38WSF,22845,32,984.105,0.4113,0.08181,0.18008,0.746,0.032544,14495,12.5,241.365,0.1589,0.0784,0.17455,0.7425,0.051979
875x75NN,19931,32,986.515,0.4727,0.04047,0.09699,0.59541,0.032458,12517,12.5,242.563,0.1843,0.04,0.09585,0.59307,0.051758
875x80NN,19930,32,994.385,0.4763,0.04076,0.09699,0.59042,0.032202,12509,12.5,243.614,0.1854,0.04025,0.09595,0.58953,0.051529
11x14,11323,32,997.321,0.8383,0.07073,0.12003,0.46968,0.032254,7088,12.5,246.453,0.3308,0.07126,0.1197,0.46326,0.050947
8x7,20934,32,998.124,0.4554,0.05528,0.12578,0.64313,0.032075,13174,12.5,248.026,0.1796,0.05507,0.12393,0.63252,0.050513
7x4SF,25399,32,998.64,0.3752,0.0604,0.14568,0.735,0.032086,16157,12.5,243.992,0.1441,0.05723,0.14058,0.73416,0.051313
7x41SF,25815,32,998.653,0.3694,0.05753,0.14109,0.735,0.032068,16386,12.5,243.774,0.1419,0.05484,0.13665,0.73539,0.05142
875x775NN,19948,32,1000.175,0.4789,0.04097,0.09679,0.58631,0.03201,12527,12.5,245.762,0.1868,0.04045,0.09575,0.58411,0.051086
78x6,22563,32,1000.542,0.423,0.05014,0.11973,0.65875,0.032043,14273,12.5,248.604,0.166,0.04917,0.11685,0.64782,0.050414
7x4E,26597,32,1009.761,0.3623,0.05316,0.13288,0.72681,0.031731,16988,12.5,251.553,0.1415,0.0509,0.1272,0.71196,0.049697
10x12WE,12188,32,1017.666,0.796,0.09342,0.15182,0.505,0.031543,7621,12.5,251.933,0.3133,0.09375,0.15116,0.50024,0.050207
875x85N,18713,32,1023.166,0.5214,0.05061,0.10994,0.57457,0.031338,11739,12.5,252.498,0.2048,0.05048,0.10897,0.56896,0.049703
88x85,19234,32,1028.72,0.5102,0.04636,0.10312,0.57036,0.031168,12085,12.5,251.707,0.199,0.04579,0.10201,0.56725,0.049737
9x45R-RH,22483,32,1029.698,0.4366,0.02547,0.06804,0.55673,0.03128,14288,12.5,230.646,0.1538,0.0222,0.06576,0.60486,0.054353
9x10,16212,32,1043.628,0.614,0.06894,0.13082,0.54779,0.030723,10159,12.5,258.119,0.2421,0.06925,0.13002,0.54048,0.048608
7x4,27881,32,1044.965,0.3578,0.04775,0.1209,0.70243,0.030648,17905,12.5,254.949,0.136,0.044,0.11455,0.70262,0.049064
875x825NN,19913,32,1047.71,0.5024,0.04306,0.09709,0.56052,0.030567,12494,12.5,255.762,0.195,0.04245,0.09625,0.56148,0.049093
88x89,19124,32,1057.498,0.5277,0.04851,0.10431,0.55388,0.0303,11996,12.5,257.024,0.2045,0.0478,0.1036,0.55599,0.048638
7x5SF,24547,32,1058.143,0.4114,0.07082,0.15597,0.69345,0.030284,15496,12.5,257.821,0.1586,0.06845,0.1528,0.696,0.048642
7x5E,25364,32,1060.62,0.399,0.06438,0.14608,0.69227,0.03021,16082,12.5,263.053,0.1562,0.0627,0.14193,0.68116,0.047561
875x875W,19530,32,1063.482,0.5194,0.04627,0.10091,0.55229,0.03017,12258,12.5,259.07,0.2015,0.04557,0.10003,0.55377,0.048423
875x875NN,19885,32,1070.253,0.5137,0.04423,0.09739,0.54869,0.02993,12469,12.5,260.22,0.1986,0.04341,0.09665,0.55241,0.048253
88x90,19194,32,1077.461,0.5358,0.04886,0.10352,0.54364,0.029752,12054,12.5,263.222,0.2082,0.04819,0.10261,0.54411,0.047535
875x90W,19500,32,1080.119,0.5283,0.04725,0.10125,0.5445,0.029707,12238,12.5,262.591,0.2046,0.04645,0.10032,0.54648,0.047767
8x8E,18914,32,1081.073,0.5456,0.08118,0.15398,0.594,,11874,12.5,267.298,0.2144,0.08093,0.15257,0.58775,
7x3,31463,32,1082.021,0.3281,0.03437,0.09491,0.67912,0.029668,20607,12.5,254.08,0.1177,0.02876,0.0864,0.70503,0.04927
8x8,20844,32,1082.869,0.4958,0.06074,0.12678,0.59331,0.029582,13090,12.5,266.763,0.1944,0.06038,0.12561,0.58818,0.046921
88x875,19130,32,1088.478,0.5431,0.0499,0.10421,0.53796,0.029439,12006,12.5,264.427,0.2105,0.0491,0.1034,0.54002,0.047278
8x73,21570,32,1092.712,0.4833,0.05524,0.11836,0.58815,0.029345,13537,12.5,267.246,0.188,0.05455,0.11731,0.58761,0.046944
7x5,27195,32,1093.479,0.3838,0.05381,0.1271,0.67107,0.029305,17288,12.5,265.585,0.1464,0.0508,0.12279,0.67586,0.047157
875x90NN,19874,32,1097.647,0.5272,0.04542,0.09749,0.53488,0.029186,12461,12.5,266.328,0.2034,0.04451,0.09675,0.53938,0.047146
78x7,22214,32,1098.404,0.4718,0.05779,0.12354,0.60029,0.029177,13980,12.5,268.132,0.1831,0.0566,0.1219,0.59994,0.046632
875x925W,19501,32,1108.207,0.542,0.04845,0.10125,0.5305,0.028955,12233,12.5,268.623,0.2095,0.04758,0.10042,0.53347,0.046692
875x925NN,19861,32,1109.776,0.5334,0.046,0.09759,0.52898,0.028871,12451,12.5,269.025,0.2055,0.04505,0.0969,0.53435,0.046672
88x925,19134,32,1126.587,0.5618,0.05161,0.10421,0.51993,0.028444,12008,12.5,273.538,0.2174,0.0507,0.1034,0.52302,0.045705
88x95,19237,32,1131.64,0.5613,0.05187,0.10452,0.51958,0.028336,12074,12.5,274.639,0.2172,0.05099,0.10361,0.52215,0.045578
88x975,19260,32,1133.774,0.5616,0.05201,0.10473,0.51944,0.028286,12089,12.5,275.641,0.2173,0.05118,0.10381,0.52218,0.045421
7x6W,24609,32,1134.04,0.4398,0.07537,0.1552,0.64717,0.028257,15562,12.5,280.308,0.1718,0.07354,0.15147,0.63969,0.04472
9x39SFR-PC,23924,32,1134.687,0.4527,0.02331,0.06005,0.50396,0.02827,15466,12.5,234.819,0.1448,0.01785,0.05614,0.59386,0.053393
7x6E,24816,32,1140.362,0.4387,0.07391,0.15263,0.64337,0.028085,15645,12.5,281.228,0.1713,0.0726,0.14993,0.63829,0.044564
7x6SF,24140,32,1141.396,0.4513,0.08037,0.16134,0.64286,0.028055,15197,12.5,276.789,0.1738,0.07804,0.15894,0.647,0.045256
74x75C,22115,32,1147.087,0.4951,0.07957,0.15385,0.60566,0.027917,13934,12.5,282.625,0.1937,0.07841,0.15139,0.59887,0.044268
6x42E-3,29789,32,1150.655,0.3688,0.09327,0.19623,0.744,0.027828,18956,12.5,287.442,0.1448,0.0904,0.18928,0.72691,0.043501
9x44SFR,23587,32,1157.745,0.4679,0.0248,0.06183,0.49631,0.027888,15099,12.5,237.593,0.1503,0.0195,0.05893,0.5863,0.05267
74x76C,22087,32,1158.14,0.5005,0.08066,0.15433,0.59974,0.027646,13909,12.5,285.619,0.1959,0.07961,0.15188,0.59373,0.043817
74x77C,22067,32,1167.711,0.5054,0.08155,0.15453,0.5948,0.027417,13892,12.5,287.522,0.1976,0.08051,0.15228,0.58878,0.043537
7x6,26808,32,1178.264,0.4196,0.06057,0.13076,0.62311,0.02719,16918,12.5,282.498,0.1595,0.05781,0.12828,0.63375,0.04428
8x9,20782,32,1192.281,0.5473,0.06749,0.12756,0.53865,0.026877,13038,12.5,291.286,0.213,0.0667,0.1266,0.53908,0.042939
63x4,33232,32,1214.12,0.3489,0.05776,0.13399,0.67691,0.026398,21364,12.5,287.111,0.1282,0.05134,0.12658,0.69909,0.0436
7x7E,24589,32,1255.98,0.4874,0.08365,0.15542,0.58423,0.025515,15449,12.5,306.815,0.1893,0.08226,0.15369,0.58445,0.040858
7x7,26401,32,1279.241,0.4624,0.06886,0.13484,0.57359,0.025062,16587,12.5,305.207,0.1754,0.06614,0.13336,0.58817,0.041056
8x10,20252,32,1309.921,0.617,0.08005,0.13433,0.49024,0.024469,12685,12.5,318.759,0.2396,0.07916,0.13357,0.49169,0.039365
7x4F,31324,32,1326.079,0.4039,0.04267,0.09576,0.55465,0.024218,20279,12.5,281.277,0.1324,0.03343,0.08924,0.63684,0.044504
65x37,34315,32,1358.489,0.3779,0.04825,0.1074,0.58292,0.023617,22081,12.5,276.079,0.1192,0.0368,0.10133,0.69933,0.045296
5x4E-4,34753,32,1377.515,0.3784,0.1749,0.29898,0.746,,22076,12.5,342.227,0.1482,0.16971,0.28945,0.73215,
5x4E-3,35797,32,1418.742,0.3785,0.16484,0.28182,0.724,0.022565,22716,12.5,350.792,0.1473,0.15934,0.27326,0.71543,0.035677
7x8,26394,32,1444.518,0.5222,0.07773,0.13494,0.50806,0.022194,16553,12.5,340.647,0.1962,0.07424,0.13396,0.52655,0.036788
7x6F,29786,32,1461.307,0.4682,0.05472,0.10596,0.50313,0.021945,18823,12.5,312.078,0.1581,0.0463,0.10356,0.57465,0.040104
65x29,36705,32,1474.974,0.3835,0.04278,0.09389,0.53686,0.021743,23870,12.5,273.796,0.1094,0.02889,0.08665,0.70535,0.045679
6x4,36687,32,1506.01,0.3918,0.06527,0.12937,0.56969,0.021299,23464,12.5,303.202,0.1234,0.05025,0.12349,0.68939,0.041283
51x50E-3,36658,32,1526.011,0.3975,0.14952,0.24826,0.65971,0.020985,23168,12.5,370.701,0.1528,0.1439,0.24275,0.66317,0.033745
7x9,26372,32,1619.156,0.586,0.08737,0.13514,0.45365,0.019799,16528,12.5,379.258,0.2188,0.08305,0.1343,0.47253,0.033049
7x10,26409,32,1790.479,0.647,0.09628,0.13474,0.40973,0.017905,16553,12.5,417.503,0.2405,0.091,0.1339,0.42955,0.030021
8x37SFR-PC,29660,32,1897.05,0.6101,0.03684,0.06264,0.34066,0.016997,19060,12.5,265.176,0.133,0.0195,0.05922,0.59018,0.04716
7x11E,24889,32,1997.958,0.7665,0.12839,0.1517,0.36733,0.016026,15581,12.5,477.148,0.292,0.12476,0.15116,0.376,0.026277
8x42SFR,29819,32,2017.792,0.6458,0.03864,0.06195,0.31888,0.015918,18748,12.5,273.397,0.1391,0.02107,0.06122,0.5735,0.04579
7x15E,25031,32,2778.857,1.0602,0.17566,0.15,0.26391,0.011518,15662,12.5,658.408,0.4009,0.1695,0.1496,0.27234,0.019038
